rot_x	rot_y	rot_z	trans_x	trans_y	trans_z	rmsd	framewise_displacement
0.00065356	0.000114457	-8.90578e-05	0.0351852	0.0173082	-0.110824		0.0
0.00073569	-9.87852e-05	-7.13005e-05	0.0351724	-0.000143708	-0.11007	0.0210634	0.03387518300000001
0.000608279	-0.000134467	-0.000164304	0.035185	-0.0275335	-0.0579181	0.0610925	0.092359107
0.000277299	0.000112506	7.565229999999998e-05	0.0289492	0.0437989	-0.0855181	0.0795697999999999	0.14606366499999998
0.000885306	0.000223173	-0.000140931	0.0376604	-0.0209784	-0.0529895	0.0778414	0.152779965
0.000388639	0.000223173	-7.560349999999998e-05	0.0352379	0.0145884	-0.0313322	0.053063	0.087746325
0.0003998	0.000223173	3.89427e-05	0.0276103	0.041441	-0.0740640999999999	0.0513383	0.0834974599999999
0.0007337659999999	-5.19787e-05	-0.000234146	0.0351754	-0.0247306	-0.0381869	0.0784768	0.1537242199999949
0.000562916	8.5234e-05	-5.23496e-06	0.0313172	0.0319151	-0.0381677	0.0594531	0.08737178699999501
0.000652737	0.000223173	-1.32786e-05	0.0229021	0.0125288	-0.0600773	0.0326517	0.06150118200000001
0.000702598	0.000223174	-0.000248149	0.0245144	-0.0357	-0.0210045	0.0630834	0.10315052000000001
3.56289e-05	0.000223174	-1.0945e-05	0.0286002	0.00512874	-0.0364997	0.0562589	0.105618395
0.000372396	0.00014846	-0.000299891	0.0188295	0.00142287	-0.0520277	0.0339565	0.064025925
0.000825056	0.000122394	-0.000125338	0.0182538	-0.0458399	-0.0122234	0.0633318	0.12030672
0.000342789	0.000286284	-0.000159039	0.0186072	0.0349754	-0.0448093	0.0894587	0.1477475
0.000654686	0.000208333	-1.18253e-05	0.0143564	0.0171915	-0.055209	0.0296213	0.059287484999999994
0.00105424	0.000229545	-8.0184e-05	0.0186268	-0.0309376	-0.00853127	0.0670611	0.12353346499999997
0.000590376	0.000286284	-7.14796e-05	0.00504561	0.0159061	-0.0013028	0.0566583	0.09411873
0.00103228	0.000286284	-0.000268395	0.00199008	0.0159209	-0.00852932	0.028663	0.04223782000000001
0.00090158	0.000265874	-0.000368194	-0.000722498	-0.0175715	0.0242763	0.049045	0.081556048
-1.12774e-05	0.00041794	0.000117109	0.00198717	0.0220839	0.00212137	0.0688067	0.14203131800000002
0.000384148	0.000123136	-0.0008650679999999	0.00189646	0.00470282	-0.0985163	0.122211	0.20172977999999503
-0.000184776	1.11182e-05	-0.000615068	0.00187436	-0.0609555	-0.109597	0.0720025	0.12330820999999499
7.00023e-05	7.05969e-05	-0.000299899	0.0280479	-0.0623792	-0.0757721999999999	0.0478382	0.09289334000000009
-0.000362212	-5.98183e-06	-0.000303683	0.0237839	-0.0249007	-0.0757518999999999	0.0449286	0.06739165150000001
3.53659e-05	-0.000325438	0.000118046	0.0439503	-0.0216832	-0.0881426	0.0459378	0.0927127535000001
0.000196422	-0.00063196	0.00076723	0.104157	-0.0218883	-0.0758966999999999	0.0791545	0.1284958050000001
7.87707e-05	-0.00104317	0.000590739	0.0874927999999999	0.0492034	-0.0373891	0.0875178999999999	0.16153111500000003
5.4313e-05	-0.000888489	0.00030484	0.0755958999999999	0.0492557	-0.0411476	0.0230844	0.03895958499999999
0.000876638	-0.00103345	0.000304841	0.0794273999999999	-0.000517945	0.00628164	0.0755210999999999	0.149398735
0.000526298	-0.000968385	0.000304841	0.079433	-0.000533299	0.0201041	0.0260904	0.0346136640000001
0.000196416	-0.0008084019999999	0.00030484	0.0694193	0.0136088	-0.00610554	0.0335056	0.074858739000005
0.000516616	-0.000792679	0.0002371	0.0632894	-0.0343093	0.000153183	0.051861	0.08048987299999502
0.0008646459999999	-0.000535918	0.000304841	0.0632182	-0.0464756	0.0189754	0.0289347	0.064686316999995
0.000381781	-0.000358272	0.000304841	0.0585881	0.000131982	0.00404381	0.0549667	0.09919482199999499
0.000358924	-0.000583715	0.000304841	0.0503507	-0.0092063	0.00402613	0.0171259	0.030008361999999997
0.000542644	-0.000358272	0.000198494	0.0454577	-0.0313334	0.0313292	0.0372417	0.08009867
0.000239605	-8.285059999999998e-05	-7.976229999999998e-05	0.0232812	0.0187057	0.0272484	0.0618215	0.11913223499999998
0.000572083	-9.51428e-05	-0.000350062	0.0121489	0.0102769	0.0272275	0.0284368	0.050335495
0.0008595659999999	-1.03552e-05	-0.000350062	0.0183201	0.0019331	0.0390475	0.0201613	0.044948529999995
0.000656639	0.000739293	-0.000438442	-0.00836566	0.0259013	0.0164004	0.0572256	0.125348819999995
0.000531206	0.000574751	-0.000350062	-0.0110522	0.0458347	-0.00441067	0.0299607	0.062348759999999996
0.00137986	0.000491394	-0.000400093	-0.0134315	0.0458337	0.0227348	0.0458726	0.07862787
0.000950615	0.000598406	-0.000429661	-0.0118627	0.0728111	0.0185038	0.0357782	0.06106844999999999
0.000950615	0.000510393	-0.000373079	-0.014626	0.0653198	-0.0077821699999999	0.0278243	0.04377031999999991
0.000950615	0.000320342	-0.00046604	-0.00202153	-0.0296293	-0.0077786599999999	0.0962598	0.12170767999999998
0.000757078	0.000665448	-0.00041263	-0.0089213	0.0300373	-0.0182221	0.0641259	0.1066124600000001
0.0007930749999999	0.000614428	-0.000513743	-0.0205617	0.0300408	-0.0267344	0.0170668	0.029562699999994994
0.00117628	0.000668093	-0.0008366479999999	-0.0165189	0.0192731	0.0258215	0.0547153	0.10535515
0.000959703	0.000828763	-0.000575401	-0.0253151	0.0590541	0.0171589	0.0452982	0.08916449999999501
0.000440294	0.000481643	-0.000314011	-0.0111057	0.0010797	-0.0366448	0.0824781	0.18238345
0.000819306	0.000413583	-0.000339439	0.0185525	-0.0066744	-0.0416156	0.0375798	0.0660081
0.00120309	0.000520011	-4.25562e-05	0.0186062	0.10485	-0.0546489	0.115531	0.16396614
0.00202537	0.000347524	-0.000340287	0.0185017	0.20553	-0.0839893	0.116237	0.19474978999999998
0.00385717	0.00050208	0.000467707	0.0186824	0.202407	-0.114828	0.117363	0.1738599
0.00592657	-0.00020774	0.000245745	-0.0173264	0.0139565	-0.192067	0.249634	0.4517574
0.00429722	-0.000662186	0.000191164	0.0302798	-0.0894909	-0.192234	0.142026	0.25813945000000005
0.00376809	-0.000589576	-0.000101067	0.0327617	-0.0791295	-0.106563	0.0989205	0.14321284999999997
0.00345909	-0.000346572	-8.029159999999998e-05	0.0349883	-0.00414432	-0.0598943	0.0933275	0.15251945
0.0031898	-0.000227685	-0.000102733	0.027731	0.0397851	-0.0495134	0.049498	0.08209854000000001
0.00321234	-0.000304923	-0.000346076	0.0235791	0.0894258	-0.0473319	0.0516568	0.07313015
0.00339966	-0.000189323	-9.44029e-05	0.0284342	0.106379	-0.0495222	0.0259115	0.051728255
0.00334103	-0.000241041	-0.000213418	0.0330101	0.112854	-0.0470279	0.0106223	0.025013355
0.00334103	-0.00016949	-3.36298e-05	0.0285899	0.112855	-0.0413776	0.0113952	0.022638459999999996
0.00347226	-0.000144457	-0.000203989	0.0211232	0.0779956	-0.0247336	0.0409764	0.07530121000000001
0.00373705	-0.000362646	-0.000305539	0.0169992	0.0321297	0.0039945	0.0561619	0.10794445000000001
0.00374287	-0.000368691	-0.000307438	0.0172942	0.00815975	0.00576536	0.0240485	0.026724010000000003
0.00362256	-0.000373973	-0.000457359	0.0193498	-0.0122323	0.0182027	0.0266221	0.04866064000000002
0.00360124	-0.000323331	-0.00028671	0.017555	-0.0152721	0.026478	0.0127942	0.025240450000000005
0.00356068	2.1307e-05	-0.000439067	0.0197815	0.00372549	0.0260199	0.026948	0.048559939999999996
0.0037464	-0.000126112	-0.000475003	0.013015	0.0363694	0.00760454	0.0410357	0.07627952
0.00358603	-0.000200081	-0.000262103	0.0195381	0.0549988	0.0143788	0.0271394	0.05428870999999999
0.00351069	0.000116668	-0.000446406	0.0138229	0.085191	0.00207863	0.0382229	0.07702717
0.00334103	6.47641e-05	-0.000397487	0.0247925	0.0690837	0.00350579	0.0219955	0.04202820499999999
0.00238725	0.000234181	-2.10108e-05	0.0238557	0.110139	-0.0281977	0.0706176	0.14867924500000002
0.00243664	0.000250594	-1.0960500000000001e-07	0.00566184	0.104072	-0.0454272	0.0262167	0.045825569749999996
0.00331864	0.000116508	-0.000215658	0.0113636	-0.0836631	-0.0775190999999999	0.200272	0.2871104797499999
0.00305273	0.000494718	-8.16873e-05	0.0108533	-0.0751523	-0.0570462	0.0354437	0.06839853499999989
0.00245846	0.000389942	5.53647e-05	0.00721655	0.0185071	-0.0413549	0.102902	0.15479234999999997
0.0034322	0.000280134	-0.000107976	0.00605956	-0.0034147	-0.0218536	0.0560586	0.10492452499999999
0.0035207	0.000544394	-0.000394604	-0.000208767	0.0148024	0.014983	0.0454825	0.09329142700000001
0.0035207	0.000687955	-0.0005866	-0.0239291	0.0822889	0.0181043	0.0733014	0.11110598299999999
0.00329228	0.000808311	-0.000549123	-0.0241437	0.121552	0.0290837	0.0442101	0.06976975
0.00294151	0.0007957189999999	-0.000486193	-0.0121581	0.117148	4.45933e-05	0.0328503	0.06674330670000497
0.00333144	0.0007682859999999	-0.000454423	-0.0158225	0.0991724	-0.0186958	0.0366876	0.0628370433
0.00308487	0.000747582	-0.000257348	-0.0157572	0.110376	0.0072736199999999	0.0357586	0.06045576999999491
0.00352479	0.00065018	-0.00037924	-0.00593176	0.0804934	0.0391778	0.0472191	0.10457292000000007
0.00380543	0.0008896369999999	-0.000501909	-0.0157811	0.0457767	0.0255213	0.0456771	0.090360839999995
0.00390014	0.000776464	-0.000542151	-0.0157788	0.0457767	0.0452437	0.0200346	0.032130949999994995
0.00420477	0.000687438	-0.000487724	-0.0157877	0.0354852	0.0390641	0.0222163	0.03888415000000001
0.0032731	0.000616176	-0.000192509	0.0015229	0.0458026	-0.0309177	0.0790845	0.16251715
0.0032731	0.000573205	-0.000188472	0.0131414	0.0202605	-0.0531925	0.0358571	0.061785799999999995
0.0031673	0.0007758179999999	-0.000321585	0.0178961	0.0268791	0.00467473	0.0611417	0.09131682999999499
0.00332589	0.000159241	-0.000103805	0.0173047	0.0948187	-0.0657569	0.104715	0.18860997999999501
0.00335563	0.000176912	-7.62947e-05	0.0205759	0.0869044	-0.0657633	0.0090533	0.014937965
0.00359267	0.000130561	-5.91823e-05	0.0200338	0.0581975	-0.0525979	0.0330824	0.05743957000000001
0.0032731	0.000150557	-4.54983e-05	0.0281425	0.0919789	-0.0659032	0.0398848	0.07285789999999998
0.0032731	-0.000116505	-0.000180037	0.0124735	0.0352773	-0.0626944	0.0616364	0.095659435
0.00365498	0.000438583	-0.000235576	0.0311382	0.0352139	-0.0822099	0.0467169	0.08786894999999999
0.00277209	0.000163866	-0.000403613	0.0119248	0.0353518	-0.101801	0.0528747	0.10522459999999999
0.00436393	0.000607317	-0.000298625	0.0220348	-0.0363545	-0.111746	0.117663	0.19877525
0.00340451	0.00045472	2.92797e-05	0.0311273	0.0223632	-0.0976951	0.0858243	0.153857185
0.00334117	0.000432068	0.000104645	0.0347121	0.0101108	-0.0917963	0.01549	0.029803865000000002
0.00312961	0.000458014	6.89722e-05	0.0312435	0.0792678	-0.11866	0.0743864999999999	0.11314824000000001
0.00312961	0.000534246	9.39757e-05	0.0342635	0.00971432	-0.0853701999999999	0.0772399	0.1109250550000001
0.00320671	0.000401559	-9.17592e-05	0.0312172	0.0293039	-0.058961	0.0346651	0.0688211749999999
0.00312961	0.000465773	-9.181e-05	0.0312551	0.0736794999999999	-0.0780084	0.0482867	0.07052913999999989
0.00338694	0.000385725	-0.000125033	0.0312077	0.0313831	-0.0564441	0.0484016	0.08243814999999992
0.00332431	0.000174998	-0.0001829	0.0311748	0.0114975	-0.0378827	0.0302412	0.05504110000000001
0.00330056	0.000140434	-0.000177364	0.0312031	0.0546301	-0.0270564	0.0446654	0.05717969999999999
0.00304861	0.000378155	-0.000183592	0.0257444	0.0605365	-0.0184368	0.0227738	0.04477965
0.00328229	0.000582467	-4.79425e-06	0.0312114	0.0115107	-0.0250267	0.0541522	0.0919221875
0.00312961	0.00011809	-0.000316063	0.0259622	0.0179976	-0.0359432	0.0328925	0.06906888750000001
0.00312961	0.000403201	-5.82052e-05	0.0312535	0.0770372	-0.0378393	0.0631746	0.09337544
0.00312961	0.000310954	-2.3064e-05	0.0312244	0.0501123	-0.0472554	0.0288941	0.04273951
0.00342526	0.000582467	-0.000240446	0.0211412	0.0358221	-0.0378357	0.0307652	0.07302034999999998
0.00312961	0.00202498	-0.00103148	-0.0229893	0.0673766	-0.00381805	0.110871	0.23616249999999997
0.0029063	0.00127761	-0.00101623	-0.017048	0.0704544	-0.0298312	0.045604	0.08432875000000001
0.00301556	0.00131542	-0.000941891	-0.00803854	0.0294227	-0.00282503	0.0499054	0.08811777999999999
0.00278356	0.000882299	-0.000841164	0.0128419	0.0540172	-0.0182756	0.0433075	0.09921790999999999
0.00247823	0.000937586	-0.000833813	0.00919481	0.091279	-0.0675804	0.0609121	0.10861208999999998
0.00256391	0.000742138	-0.000594107	0.023005	0.047969	-0.0752768	0.0499485	0.09085829000000001
0.00262247	0.000782338	-0.000632582	0.0252024	0.0478096	-0.0564969	0.0184333	0.027998450000000005
0.00247823	0.000952761	-0.00065299	0.0183439	0.100464	-0.067582	0.0552988	0.08735155
0.00280507	0.000921772	-0.0008007879999999	0.0182454	0.0607903	-0.0641807	0.0444227	0.068454849999995
0.0032188	0.00126213	-0.0014767	0.00395977	0.0607225	-0.0040526	0.0731515999999999	0.14598153000000502
0.00237527	0.00167262	-0.00125353	-0.00424384	0.0840561999999999	-0.051782	0.0657478	0.1531262099999999
0.00272534	0.00125704	-0.000967232	0.00745217	0.0607495	-0.0740872	0.0497901	0.10990530999999992
0.00290415	0.00112989	-0.00101479	0.0080067999999999	0.0249499	-0.0740857999999999	0.0379999	0.05403153000000001
0.00237527	0.001326	-0.000967519	0.0088083899999999	0.0665838	-0.0740447	0.0519583	0.08108963999999988
0.00279604	0.000951741	-0.0008927479999999	0.00524454	0.0317896	-0.0835482	0.0482426	0.0913515500000049
0.00271709	0.00101577	-0.000832404	0.0252007	0.0478475	-0.0740764	0.0291621	0.055652009999995006
0.0025494	0.00115902	-0.000610111	0.0321045	0.0597624	-0.0944208	0.0289847	0.06582475
0.00315424	0.000612823	-0.000695451	0.0379198	0.0257656	-0.0772423	0.055234	0.11880945000000001
0.00269778	0.000583806	-0.000669783	0.0328574	0.0734067	-0.0696716	0.05581	0.08583145000000002
0.00264053	0.00107265	-0.000688391	0.0351182	0.0618829	-0.0766745999999999	0.0283666	0.04902269999999991
0.00294788	0.0007951539999999	-0.000607921	0.0264938	0.00513633	-0.0309749	0.0742923999999999	0.14433647000000493
0.00260035	0.00104397	-0.000663767	0.0288179	0.0524553	-0.0447488	0.0534405	0.09602657000000499
0.00294788	0.000985948	-0.0007303239999999	0.0265582	0.0674017	-0.045635	0.0240253	0.041697749999994996
0.00321381	0.000926106	-0.000919216	0.0186061	0.0222006	-0.00392008	0.0627925	0.12060132000000501
0.00294788	0.00112942	-0.0008671739999999	0.0177429	0.0574595	0.0131478	0.0447931	0.079254280000005
0.0026499	0.00129969	-0.001183	0.00401497	0.0769698	0.0296933	0.0412068	0.088987530000005
0.00303237	0.00112942	-0.00103248	0.00774443	0.0421129	-0.000197384	0.0551066	0.103640044
0.00294788	0.000968895	-0.001011	0.00774745	0.0646903	0.0086876799999999	0.0266273	0.044790233999999894
0.00252715	0.00112942	-0.000985194	0.000660432	0.107884	0.0112602	0.0507205	0.08320628800000007
0.00284586	0.00107482	-0.00125447	0.00773503	0.0710839	0.0534275	0.057433	0.11817129799999998
0.00278436	0.00112942	-0.00114636	0.0077316599999999	0.041749	0.0589312	0.0306154	0.046052470000000095
0.00244059	0.00112942	-0.000922758	0.00775625	0.0411863	0.00134753	0.0566404	0.08653956000000011
0.00224448	0.00112942	-0.000952495	0.00777863	0.0396907	-0.0907314	0.0898066	0.10488926
0.00244059	0.00101093	-0.0007792479999999	0.0224885	0.0121367	-0.0808792	0.036341	0.07650842000000499
0.00249209	0.00112942	-0.00091865	0.0130066	0.0798635	-0.0830086	0.0691676	0.09480770000000503
0.00276334	0.00128953	-0.000965907	0.0103839	0.0949392	-0.0908142	0.0249279	0.04943484999999999
0.00313791	0.00116043	-0.00104278	0.0103858	0.0285383	-0.0737248999999999	0.0711962	0.1125192500000001
0.00275717	0.00137122	-0.00115777	0.00419299	0.0996345	-0.0549826	0.0793144999999999	0.13135730999999987
0.00281951	0.00137122	-0.00118443	-0.0106771	0.0737175	-0.0232832	0.0432691	0.07693648999999998
0.00275717	0.00137122	-0.0014767	-0.00310059	0.0431846	-0.0171849	0.0350902	0.06193821
0.00262624	0.00160574	-0.00129634	-0.0167359	0.0809893	-0.0263707	0.0435686	0.08791631000000001
0.00271062	0.00143372	-0.00127768	-0.0151969	0.0809951	-0.0171767	0.0127827	0.02449179999999999
0.0031432	0.000891765	-0.00162708	-0.0240056	0.0468114	-0.00511079	0.055273	0.12125506000000001
0.00272485	0.000612334	-0.00148077	-0.028171	0.0521229	0.045134	0.0628486	0.10192624
0.00240197	0.00123676	-0.00149314	-0.0294825	0.0750520999999999	0.045144	0.0428555	0.07223449999999991
0.00251325	0.000530104	-0.0013016	-0.0347623	0.0448664	0.0775596	0.0576489	0.11835489999999992
0.00266993	0.00096263	-0.00114717	-0.0216245	0.0547811	0.00910541	0.0775992999999999	0.12868849000000002
0.0019606	0.00146972	-0.000980051	-0.00291246	0.0896379999999999	-0.0443496	0.0757423	0.1762008999999999
0.00255113	0.00116717	-0.000925654	-0.00298902	0.0449762	-0.0686643	0.0654478	0.11642690999999991
0.00278628	0.00122862	-0.000839092	-0.00296072	0.0265377	-0.0717885	0.0238467	0.0407491
0.00256125	0.00140634	-0.000919663	-0.00284725	0.0956398	-0.082495	0.0714632	0.10408811999999998
0.00308575	0.00129197	-0.00106309	-0.0218242	0.0654373	-0.0387857	0.059469	0.1320036
0.00338766	0.00113089	-0.00123427	-0.0182508	0.0654564	-4.69487e-05	0.0395993	0.07403975129999997
0.00311682	0.00153839	-0.001372	-0.0299731	0.102997	0.0524314	0.0735052	0.14254474869999997
0.00311682	0.00158305	-0.00174246	-0.0299479	0.0761478	0.0577991	0.0339483	0.05299809999999999
0.00311682	0.00255117	-0.00198035	-0.0517963	0.0394472	-0.0107736	0.0963803	0.1874222
0.00352231	0.00236097	-0.00162945	-0.0537958	0.0625978	-0.122176	0.122722	0.183882
0.00352929	0.00178466	-0.00113687	-0.0268639	0.0470025	-0.138963	0.0553246	0.11310769999999999
0.00367342	0.00142191	-0.00101822	-0.00695729	0.0104744	-0.14696	0.0480238	0.09570821
0.00310379	0.00133336	-0.000987801	-0.0263485	0.0554169	-0.146792	0.0583506	0.09893166
0.00306417	0.00144491	-0.000929136	-0.0259659	0.0918385	-0.153494	0.037701	0.05399794999999998
0.00306417	0.00137467	-0.00125826	-0.0368195	-0.000338149	-0.123182	0.100079	0.153310449
0.00306417	0.00145217	-0.00124003	-0.0399772	0.0249186	-0.102099	0.0332268	0.054283949
0.00252137	0.00145217	-0.00127114	-0.0423935	0.0686735	-0.102035	0.053166	0.0749307
0.00297002	0.00145217	-0.00132481	-0.0424323	0.0263095	-0.102044	0.0493419	0.06752779999999999
0.00314504	0.00127339	-0.0013123	-0.0529727	0.0376666	-0.0649452	0.0400352	0.07731180000000001
0.00292629	0.00129432	-0.00150234	-0.0609968	0.0788197	-0.0562961	0.0467177	0.07931230000000002
0.00336661	0.00150688	-0.00165765	-0.0624732	0.0168437	-0.0563189	0.0684862	0.10388470000000002
0.00344817	0.00158346	-0.00159243	-0.066764	0.0261263	-0.0268195	0.0305845	0.054240800000000026
0.00313499	0.00137756	-0.00165765	-0.0581	0.04015	-0.00467749	0.0368568	0.07404471000000003
0.00334606	0.00138733	-0.00172622	-0.0708023	0.0167951	-0.00943055	0.030697	0.05528076000000001
0.00334606	0.00107191	-0.00166509	-0.0545871	0.0168004	0.000317449	0.0252567	0.04479599900000001
0.00318549	0.00109673	-0.00170351	-0.0559781	0.045648	0.0099196	0.03263	0.05103125100000003
0.00288002	0.00110089	-0.00155389	-0.0607095	0.0697993	-0.00426563	0.0318933	0.06603042999999999
0.0032251	0.00100035	-0.00151133	-0.0586161	0.0282005	-0.00426837	0.046347	0.06810393999999999
0.00297524	0.000977755	-0.00151585	-0.0454647	0.0361025	0.0110294	0.0275745	0.05019991999999999
0.00293229	0.00117008	-0.00154348	-0.0514207	0.0659472	-0.0042804	0.0353897	0.06425575
0.00300869	0.00103377	-0.00167744	-0.0466079	0.0577638	-0.0583963	0.0567652	0.08444559999999998
0.00302887	0.000985144	-0.00160618	-0.0455024	0.0360748	-0.0636158	0.0228747	0.0350173
0.00227021	0.0011346	-0.00123831	-0.0390573	0.0635042	-0.121927	0.0715965	0.15598499999999998
0.00451362	0.0007342619999999	-0.00132018	-0.0101416	0.0548528	-0.263555	0.210677	0.315476000000005
0.00349565	0.000667944	-0.000892491	-0.00784214	0.0433948	-0.208675	0.090275	0.14423630999999498
0.00269146	0.000667944	-0.00115367	-0.0145589	-0.045409	-0.141126	0.12611	0.21633801
0.00259045	0.000869821	-0.00113475	-0.0270484	0.0924445	-0.146967	0.139108	0.17227435000000002
0.00314864	0.000912748	-0.00133294	-0.0369786	0.0622057	-0.134649	0.045498	0.09245235
0.0033948	0.00103583	-0.00139461	-0.0373797	0.0622564	-0.0828449	0.0502072	0.07380149999999999
0.00294105	0.000884364	-0.00151338	-0.0443513	0.102101	-0.0377887	0.0709027	0.12807169999999998
0.00321442	0.000942411	-0.00167405	-0.0461945	0.0911393	0.00331512	0.0423596	0.07851306999999999
0.0028496	0.000925826	-0.00174224	-0.0461148	0.0584496	0.0283656	0.0479792	0.08029963000000001
0.00266635	0.00107141	-0.00197565	-0.04765	0.0797992	0.0393583	0.030739	0.06198969999999999
0.00246258	0.000917228	-0.00172295	-0.0537616	0.0854264	0.0393929	0.0196855	0.04230600000000001
0.0028496	0.0008688469999999	-0.00166651	-0.0527062	0.0417155	0.0427412	0.0487661	0.07270665000000501
0.0028496	0.000985009	-0.00162438	-0.0519578	0.0318187	0.0482925	0.0129756	0.02411110000000501
0.0028496	0.00113611	-0.00187313	-0.0568547	0.0202076	0.0202305	0.0349346	0.06456255000000001
0.00260559	0.0016059	-0.00206989	-0.0793853999999999	0.0602906	0.05327	0.06597	0.1411811999999999
0.00375166	0.00176232	-0.00195057	-0.0926209	0.0442823	0.0530993	0.0648206	0.1005050000000001
0.00373813	0.00141008	-0.00215418	-0.0929398	0.0290138	0.0336951	0.0321658	0.06346059999999999
0.0032606	0.00197897	-0.0021536	-0.0949579	0.0757559	0.0634986	0.0706923	0.13091370000000002
0.00370743	0.00205981	-0.00242914	-0.112669	0.0735685999999999	0.00978004	0.069499	0.11377746000000012
0.00356059	0.001722	-0.00208992	-0.106788	0.0261051	-0.0126461	0.0578216	0.11696413999999992
0.0034129	0.00145713	-0.00182362	-0.0789591	0.112091	-0.0950447	0.123597	0.23015639999999998
0.0034145	0.0007893709999999	-0.00190607	-0.0792307	0.0169811	-0.146276	0.113096	0.18420325000000498
0.00394779	0.00153109	-0.00173771	-0.0855326	-0.0138071	-0.110901	0.0627625	0.14463355000000497
0.00317277	0.0011962	-0.00141789	-0.0704255	0.0717659	-0.131558	0.100759	0.19282359999999998
0.00350212	0.00111313	-0.00175513	-0.078916	0.0367248	-0.0725617	0.0707858	0.1400109
0.00364052	0.00118506	-0.00190049	-0.081114	0.0657394	-0.0226156	0.0569653	0.09894320000000001
0.00364052	0.00111313	-0.0018008	-0.0788868999999999	0.111976	-0.0329201	0.0479823	0.06734920000000011
0.0037858	0.00111313	-0.00176255	-0.08171	0.0582769	-0.0127833	0.0574249	0.08583550000000012
0.00364052	0.00114827	-0.00185734	-0.0849216	0.0830643999999999	0.00520397	0.0335656	0.05974686999999992
0.00364052	0.00135645	-0.00172872	-0.0862007999999999	0.13059	-0.00530119	0.0503833	0.07614996
0.00364052	0.00126609	-0.00187777	-0.0953251	0.0648105	0.0087785199999999	0.0689504	0.10095401000000001
0.00383318	0.000947072	-0.00186699	-0.0789074	0.0806202	0.0372254	0.0390257	0.0867971800000001
0.00364052	0.000782363	-0.00168452	-0.0788413	0.095678	0.0737189	0.0453192	0.07860935
0.00364052	0.000694386	-0.00183775	-0.0741406	0.0511757	0.100264	0.0527921	0.08780845000000001
0.00337668	0.000740856	-0.00187622	-0.0789042999999999	0.0461948	0.11836	0.0267129	0.0452795999999999
0.00345214	0.000776338	-0.0018196	-0.0762266999999999	0.0488425	0.111034	0.0108007	0.021029400000000007
0.00321884	0.00095037	-0.00190596	-0.0820879999999999	0.0605274	0.139553	0.0378807	0.0707498
0.00273672	0.00121938	-0.00248759	-0.109648	0.0339473	0.142236	0.0606004	0.1234611000000001
0.00286689	0.00135645	-0.00236242	-0.11038	0.0346935	0.120882	0.026066	0.042452699999999996
0.00273164	0.00150832	-0.00201491	-0.104647	0.0461061	0.118822	0.0261151	0.05093710000000001
0.00259767	0.00158266	-0.00205192	-0.110276	0.0632275	0.105943	0.0228536	0.04789540000000002
0.00244318	0.00112614	-0.00231664	-0.127074	0.0459829	0.182939	0.0887335	0.15482509999999997
0.00277546	0.00135645	-0.00248759	-0.127121	0.0383531	0.127641	0.0648679	0.09965179999999998
0.00250935	0.00158686	-0.00230962	-0.119025	0.0460252	0.0844749	0.0464029	0.09265870000000001
0.00277546	0.00157412	-0.0022716	-0.127121	0.0360074	0.0624715	0.0319583	0.055960700000000016
0.00304008	0.00142146	-0.00248759	-0.127126	0.0172518	0.129921	0.0693715	0.1178736
0.00259194	0.00151031	-0.00248759	-0.12713	0.0512493	0.079195	0.0609538	0.11157700000000001
0.00235949	0.00151042	-0.00248759	-0.127133	0.0810723	0.079222	0.0326648	0.041481
0.00318362	0.00135644	-0.00272794	-0.138826	0.0284812	0.0792304	0.072741	0.1252155
0.00303616	0.00135644	-0.00260329	-0.102287	0.0723825	0.119477	0.0729767999999999	0.1342924
0.0029634	0.00135644	-0.00270867	-0.102246	0.110874	0.112588	0.0395455	0.05432849999999999
0.00351412	0.00206095	-0.00287171	-0.134102	0.0938871	0.137318	0.0615344	0.14448640000000001
0.00356812	0.00179936	-0.0028222	-0.137974	0.072387	0.0790999	0.0642008	0.10184520000000002
0.00268647	0.00197105	-0.00246049	-0.120621	0.0832211999999999	0.0272471	0.0680766	0.1507924999999999
0.0026141	0.00203225	-0.00222222	-0.110241	0.0597871	-0.0122226	0.0487423	0.09187579999999992
0.00270167	0.00237289	-0.00232776	-0.126988	-0.0114981	0.00489437	0.0775688999999999	0.13183667
0.00241947	0.00217358	-0.0024037	-0.126942	0.0656793	0.0311264	0.0853382	0.13132792999999998
0.00297273	0.0019746	-0.00241472	-0.13257	0.0504655	0.0674827	0.0447492	0.09536109999999999
0.00318744	0.0021165	-0.00263287	-0.121554	0.0307682	0.0807065	0.0295002	0.07267509999999999
0.00291521	0.00205524	-0.00254551	-0.130696	0.0781740999999999	0.107763	0.0596191	0.1046468999999999
0.00254911	0.00217673	-0.00254959	-0.143218	0.0882033	0.144502	0.0490627	0.08387370000000013
0.00291521	0.00222645	-0.00272637	-0.158161	0.0521677	0.168864	0.0495921	0.1049706
0.00186819	0.00312535	-0.00306857	-0.169315	0.0418099	0.193583	0.0835236	0.16063680000000002
0.00219955	0.00266399	-0.00300277	-0.15455	0.0698154	0.172982	0.0492873	0.1062975
0.00237176	0.00270981	-0.0028699	-0.162603	0.0301031	0.157259	0.0457423	0.08103329999999999
0.00218901	0.00267421	-0.00300277	-0.144092	0.0232555	0.159882	0.0218534	0.0455426
0.00142066	0.00300587	-0.00272603	-0.130053	0.0436138	0.130635	0.0563236	0.13248179999999998
0.00258019	0.00265192	-0.00300277	-0.162634	0.0078106	0.0974984	0.096421	0.19103180000000003
0.00217381	0.00265192	-0.00300277	-0.156428	0.0159189	0.115727	0.0335175	0.05286189999999999
0.00185419	0.00265192	-0.00300277	-0.155042	0.0422086	0.141554	0.0437888	0.06948370000000001
0.00220279	0.00265192	-0.00314769	-0.16265	-0.010103	0.135882	0.0583099	0.09026759999999999
0.00192587	0.00265192	-0.00308154	-0.162636	0.0206254	0.160842	0.0450788	0.07285589999999999
0.00276152	0.00575181	-0.0038546	-0.346447	0.0492511	0.30967	0.286699	0.5966947
0.00347779	0.00893809	-0.00587448	-0.522679	0.0382175	0.393034	0.287081	0.5667510999999998
0.00347779	0.0082440399999999	-0.00599897	-0.516661	0.0072293899999999	0.395502	0.0474505	0.08040111000000505
0.00346335	0.0104927	-0.00700513	-0.579406	0.0114715	0.455006	0.155559	0.28995411000000504
0.00416168	0.0107671	-0.00772818	-0.648503	0.025438	0.44293	0.0984429	0.17992850000000007
0.00467301	0.0108393	-0.0076353799999999	-0.655431	-0.0175339	0.45177	0.0517904	0.09255640000000495
0.00383199	0.00726651	-0.00588537	-0.501476	-0.00954336	0.405482	0.269999	0.5164245399999949
0.00342407	0.00557727	-0.00447853	-0.406119	0.0418969	0.407663	0.168121	0.32417826000000005
0.00332125	0.00508556	-0.00451513	-0.381903	0.021319	0.375829	0.049765	0.10818439999999996
0.00342407	0.00533079	-0.00468442	-0.385348	0.0175042	0.321949	0.0581811	0.08700680000000006
0.00290209	0.00547366	-0.00447629	-0.386089	0.0519466	0.373339	0.0749453999999999	0.13022239999999996
0.00267197	0.00554397	-0.00452399	-0.390015	0.0620905	0.367041	0.0172008	0.03777439999999995
0.00268848	0.00537694	-0.00458136	-0.414293	0.0118981	0.334238	0.0658933	0.11931889999999998
0.0027077	0.00530748	-0.00447775	-0.403506	0.0293477	0.340078	0.0229055	0.04369110000000006
0.0023945	0.00566566	-0.00431787	-0.398415	0.0562282	0.28728	0.061868	0.12633250000000001
0.00257046	0.00578041	-0.00434159	-0.386142	0.0167247	0.227878	0.0755124999999999	0.1269
0.00300007	0.00567371	-0.00447256	-0.389107	-0.0500748	0.211815	0.0752682999999999	0.11919149999999998
0.00224572	0.00563007	-0.00457209	-0.379653	0.024165	0.252664	0.0999051	0.16941879999999995
0.00225408	0.00552222	-0.0043874	-0.362774	0.0179075	0.240027	0.0262603	0.05081850000000003
0.00293895	0.00568017	-0.0045497	-0.325491	-0.0243087	0.164158	0.108998	0.20562420000000003
0.00231524	0.00578236	-0.00479313	-0.342258	0.0233953	0.220624	0.0907962	0.1694035
0.00200908	0.00567971	-0.00451483	-0.34095	0.106021	0.305958	0.124645	0.20362320000000006
0.00216389	0.00546685	-0.00461366	-0.356444	0.0465417	0.279571	0.0700248	0.12468530000000005
0.00197734	0.00546686	-0.00465886	-0.348306	0.0444008	0.294552	0.0215826	0.03684789999999991
0.00205839	0.00546686	-0.00496959	-0.328701	0.0964053	0.356397	0.0826756	0.15304350000000003
0.00248696	0.00546686	-0.00477443	-0.316406	0.0471386	0.214055	0.159255	0.23509020000000008
0.00209564	0.00546686	-0.00464572	-0.331123	0.0369115	0.212347	0.0265218	0.052653599999999946
0.00224146	0.00546686	-0.00496959	-0.346097	0.06624	0.344041	0.13537	0.19948099999999996
0.00241787	0.00499489	-0.00456063	-0.345018	0.0590485	0.333117	0.0365766	0.07206149999999996
0.00240504	0.0049633	-0.00454016	-0.321768	0.0335144	0.27434	0.0680839	0.11080560000000003
0.00220845	0.00573975	-0.00476103	-0.325877	0.0371663	0.119892	0.157984	0.22190439999999997
0.00180143	0.00633649	-0.00450464	-0.36967	0.0388311	0.267538	0.162752	0.25611130000000004
0.00219057	0.00606141	-0.00467259	-0.368387	0.0850955999999999	0.374079	0.113681	0.1956969999999999
0.00231923	0.00629685	-0.0049997	-0.331055	0.0456298	0.320721	0.0788892999999999	0.16471629999999995
0.00212254	0.00618059	-0.00495536	-0.324001	0.0551093	0.322424	0.0177424	0.03610100000000002
0.00216658	0.00586248	-0.00469404	-0.326963	0.0790309	0.36981	0.0567637	0.10544310000000004
0.00245294	0.00564078	-0.00459224	-0.30557	0.0373408	0.254464	0.129957	0.20892210000000003
0.00255549	0.00488344	-0.0041452	-0.262739	0.0302944	0.159033	0.116687	0.21065490000000003
0.00176772	0.00481521	-0.00423631	-0.264474	0.0636714	0.315807	0.176519	0.2392415
0.00194553	0.00497756	-0.00441921	-0.28132	0.0932148	0.335697	0.041691	0.0924324
0.00233479	0.00520806	-0.00439437	-0.278279	0.0415839	0.156867	0.193337	0.2657319000000001
0.00207623	0.00520806	-0.0041452	-0.29326	0.0718157	0.255886	0.109471	0.1696183
0.00247488	0.00554734	-0.00419229	-0.287096	0.130194	0.196416	0.0913106	0.16326330000000008
0.00247167	0.00530395	-0.0040753	-0.267621	0.0545242	0.0889037	0.13355	0.2208366000000001
0.00235051	0.00462149	-0.00365996	-0.242372	-0.0354992	0.0441199	0.111269	0.2210042
0.0019207	0.00469474	-0.00333002	-0.251746	0.0635741	0.0136631	0.106807	0.18055410000000005
0.0029177	0.00475236	-0.00334243	-0.25295	0.00884026	0.00348596	0.0798442	0.11946647999999996
0.00284433	0.0047878	-0.00332963	-0.257379	-0.0453502	0.0422846	0.0673972	0.10349860000000001
0.00194284	0.00503722	-0.00320915	-0.251816	0.0347006	0.0325365	0.095174	0.15893140000000006
0.00276646	0.00503721	-0.00333377	-0.256881	0.0153366	0.0324446	0.0491439	0.07193340000000005
0.00289538	0.00503721	-0.00347954	-0.264461	0.0407811	0.0764371999999999	0.0509307	0.09075159999999989
0.00281918	0.00549134	-0.00377794	-0.282252	0.128671	0.199983	0.15615	0.27066320000000005
0.00344522	0.00521482	-0.00384021	-0.282349	0.0895754	0.192084	0.0559457	0.0953331
0.0034177	0.00510658	-0.00374315	-0.266199	0.0542074	0.203483	0.0417069	0.07455799999999999
0.00302126	0.00528764	-0.00397571	-0.274315	0.08501	0.276883	0.0893087999999999	0.15282159999999992
0.00271951	0.00549134	-0.00418437	-0.309246	0.104121	0.36995	0.108174	0.18281450000000002
0.00310959	0.00540147	-0.00436972	-0.292836	0.0386961	0.300335	0.103698	0.18471490000000002
0.00291684	0.00563703	-0.00436525	-0.300407	0.0185323	0.29144	0.0267375	0.058268800000000016
0.00266053	0.00567814	-0.0042325	-0.304605	0.0420456	0.361511	0.0790605999999999	0.11929080000000007
0.00267519	0.00603958	-0.00410069	-0.301576	0.0706857	0.414144	0.0629206	0.10969760000000003
0.0027351	0.00588246	-0.00396146	-0.292162	0.0365543	0.337514	0.0860173999999999	0.13798840000000004
0.00229642	0.00523909	-0.00374208	-0.278052	0.0387462	0.260513	0.0828561	0.15837439999999994
0.00357418	0.00429589	-0.00365535	-0.26708	0.100748	0.0493072	0.250113	0.39956410000000003
0.00347604	0.00345556	-0.00365353	-0.223094	-0.0160718	0.012799	0.135723	0.2443285
0.00198568	0.00332513	-0.00381017	-0.27558	-0.0505047	0.0304434	0.106653	0.1934348
0.00167735	0.00332513	-0.00335673	-0.232222	-0.0411586	0.078616	0.0784336	0.13896519999999998
0.00114855	0.00311597	-0.00317887	-0.213801	0.014964	0.0914916	0.0710657	0.13321020000000003
0.00160648	0.00325393	-0.00335673	-0.220218	-0.0006513	0.107604	0.0333084	0.07683220000000002
0.00119913	0.00372556	-0.00335673	-0.232289	-0.0177403	0.147199	0.0584935	0.112704
0.00140298	0.00357517	-0.00335673	-0.218812	0.000200811	0.1421	0.0266066	0.05422911099999999
0.00179133	0.00340643	-0.00335673	-0.211052	0.0275032	0.142143	0.0353035	0.062959889
0.00165933	0.0033065	-0.00335673	-0.218844	0.0322846	0.165586	0.0284021	0.04761290000000003
0.00167989	0.00306875	-0.00335673	-0.218392	-0.00477868	0.185705	0.0438506	0.07054978
0.0017241	0.00320636	-0.00335673	-0.217351	-0.012176	0.217704	0.0329825	0.049528320000000015
0.00158875	0.00334621	-0.00335673	-0.216798	-0.0141099	0.241131	0.0272007	0.03967389999999999
0.00149741	0.00326257	-0.00335673	-0.214395	-0.0169945	0.24567	0.00930859	0.01857559999999999
0.0010782	0.00342447	-0.00343678	-0.214421	-2.38063e-06	0.306152	0.07258	0.11055811936999999
0.00110668	0.00347921	-0.00362954	-0.219736	0.00516624	0.325157	0.023176	0.043287620629999975
0.00130675	0.00340144	-0.00363472	-0.225718	-0.0291621	0.31505	0.0391713	0.06456833999999999
0.00115393	0.00323569	-0.00360075	-0.214353	-0.00846494	0.294718	0.0321271	0.07002116000000005
0.000621812	0.00372557	-0.00370214	-0.214521	0.0317134	0.359448	0.090909	0.16124574000000003
0.000813028	0.00355666	-0.0037066	-0.214453	0.0227777	0.336302	0.0303284	0.05037899999999999
0.000986232	0.00328342	-0.00343327	-0.20432	-0.00141891	0.23971	0.104936	0.16691031
0.000596581	0.00336431	-0.00361392	-0.214396	0.0621993	0.272242	0.0789577	0.13878575999999998
0.00069142	0.00316334	-0.00369734	-0.223531	0.0220486	0.268365	0.0438241	0.07212414999999996
0.000926061	0.0029806	-0.00319082	-0.196279	-0.0574054	0.15302	0.149824	0.26824605
6.29745e-05	0.00241024	-0.00268899	-0.161998	0.021668	0.141165	0.107838	0.22197322499999994
0.000192612	0.00216217	-0.00250801	-0.158291	-0.0022017	0.0958497	0.055686	0.10082637500000002
0.00057346	0.00241024	-0.00236663	-0.161521	-0.0817037	0.107655	0.0839088999999999	0.1330522
0.000217104	0.00241024	-0.00243052	-0.156091	-0.00271584	0.0981183	0.0819692999999999	0.11496685999999996
0.000608871	0.00241024	-0.00242179	-0.161092	0.0227926	0.0783897999999999	0.0409229	0.0702627900000001
0.0008133269999999	0.00261952	-0.00234132	-0.161533	-0.0162272	0.0936679	0.0439711	0.0794491999999951
